{
  "lastBuildDate": "Sun, 18 Mar 2018 09:55:02 +0900",
  "total": 25,
  "start": 1,
  "display": 10,
  "items": [
    {
      "title": "스타워즈 에피소드 9",
      "link": "http://movie.naver.com/movie/bi/mi/basic.nhn?code=144694",
      "image": "",
      "subtitle": "<b>Star</b> <b>Wars</b>: Episode IX",
      "pubDate": "2019",
      "director": "J.J. 에이브럼스|",
      "actor": "존 보예가|데이지 리들리|아담 드라이버|오스카 아이삭|",
      "userRating": "8.87"

    },
    {
      "title": "한 솔로: 스타워즈 스토리",
      "link": "http://movie.naver.com/movie/bi/mi/basic.nhn?code=144693",
      "image": "http://imgmovie.naver.com/mdi/mit110/1446/144693_P01_124627.jpg",
      "subtitle": "Solo: A <b>Star</b> <b>Wars</b> Story",
      "pubDate": "2018",
      "director": "론 하워드|",
      "actor": "엘든 이렌리치|도날드 글로버|에밀리아 클라크|우디 해럴슨|폴 베타니|워윅 데이비스|",
      "userRating": "8.87"

    },
    {
      "title": "스타워즈: 라스트 제다이",
      "link": "http://movie.naver.com/movie/bi/mi/basic.nhn?code=125488",
      "image": "http://imgmovie.naver.com/mdi/mit110/1254/125488_P20_135324.jpg",
      "subtitle": "<b>Star</b> <b>Wars</b>: The Last Jedi",
      "pubDate": "2017",
      "director": "라이언 존슨|",
      "actor": "데이지 리들리|마크 해밀|오스카 아이삭|아담 드라이버|캐리 피셔|존 보예가|",
      "userRating": "6.82"

    },
    {
      "title": "가디언 오브 더 스타 워즈 빌리지",
      "link": "http://movie.naver.com/movie/bi/mi/basic.nhn?code=160895",
      "image": "",
      "subtitle": "Guardian of The <b>Star</b> <b>Wars</b> Village",
      "pubDate": "2017",
      "director": "펄 위커더|앤더스 필|",
      "actor": "",
      "userRating": "0.00"

    },
    {
      "title": "로그 원: 스타워즈 스토리",
      "link": "http://movie.naver.com/movie/bi/mi/basic.nhn?code=136868",
      "image": "http://imgmovie.naver.com/mdi/mit110/1368/136868_P75_101138.jpg",
      "subtitle": "Rogue One: A <b>Star</b> <b>Wars</b> Story",
      "pubDate": "2016",
      "director": "가렛 에드워즈|",
      "actor": "펠리시티 존스|디에고 루나|매즈 미켈슨|리즈 아메드|포레스트 휘태커|견자단|강문|",
      "userRating": "8.44"

    },
    {
      "title": "스타워즈: 깨어난 포스 레고 피겨",
      "link": "http://movie.naver.com/movie/bi/mi/basic.nhn?code=149531",
      "image": "http://imgmovie.naver.com/mdi/mit110/1495/149531_P01_181616.jpg",
      "subtitle": "Lego <b>Star</b> <b>Wars</b>: Short Clip",
      "pubDate": "2016",
      "director": "",
      "actor": "",
      "userRating": "1.00"

    },
    {
      "title": "스타워즈: 깨어난 포스",
      "link": "http://movie.naver.com/movie/bi/mi/basic.nhn?code=100072",
      "image": "http://imgmovie.naver.com/mdi/mit110/1000/100072_P77_104127.jpg",
      "subtitle": "<b>Star</b> <b>Wars</b> : The Force Awakens",
      "pubDate": "2015",
      "director": "J.J. 에이브럼스|",
      "actor": "해리슨 포드|마크 해밀|캐리 피셔|도널 글리슨|그웬돌린 크리스티|사이먼 페그|오스카 아이삭|막스 폰 시도우|존 보예가|데이지 리들리|아담 드라이버|",
      "userRating": "7.76"

    },
    {
      "title": "스타워즈 반란군",
      "link": "http://movie.naver.com/movie/bi/mi/basic.nhn?code=132345",
      "image": "http://imgmovie.naver.com/mdi/mit110/1323/132345_P01_153355.jpg",
      "subtitle": "<b>Star</b> <b>Wars</b>",
      "pubDate": "2014",
      "director": "",
      "actor": "",
      "userRating": "9.57"

    },
    {
      "title": "로봇 치킨: 스타 워즈 에피소드 3",
      "link": "http://movie.naver.com/movie/bi/mi/basic.nhn?code=85738",
      "image": "",
      "subtitle": "Robot Chicken: <b>Star</b> <b>Wars</b> Episode III",
      "pubDate": "2010",
      "director": "크리스 맥케이|",
      "actor": "세스 그린|아브라함 벤루비|",
      "userRating": "6.67"

    },
    {
      "title": "스타 워즈: 클론 전쟁",
      "link": "http://movie.naver.com/movie/bi/mi/basic.nhn?code=49821",
      "image": "http://imgmovie.naver.com/mdi/mit110/0498/D9821-00.jpg",
      "subtitle": "<b>Star</b> <b>Wars</b>: The Clone <b>Wars</b>",
      "pubDate": "2008",
      "director": "데이브 필로니|",
      "actor": "맷 랜터|사무엘 L. 잭슨|이안 아베크롬비|코리 버튼|톰 케인|제임스 아놀드 테일러|캐서린 타버|",
      "userRating": "7.48"

    }
  ]
}

